debug.max_vnlru_free	vfs.vnode.vnlru.max_free_per_call
kern.maxvnodes	vfs.vnode.param.limit
vfs.freevnodes	vfs.vnode.stats.free
vfs.numvnodes	vfs.vnode.stats.count
vfs.recycles	vfs.vnode.vnlru.recycles
vfs.recycles_free	vfs.vnode.vnlru.recycles_free
vfs.vnodes_created	vfs.vnode.stats.created
vfs.wantfreevnodes	vfs.vnode.param.wantfree
vfs.zfs.arc_average_blocksize	vfs.zfs.arc.average_blocksize
vfs.zfs.arc_dnode_limit	vfs.zfs.arc.dnode_limit
vfs.zfs.arc_dnode_limit_percent	vfs.zfs.arc.dnode_limit_percent
vfs.zfs.arc_dnode_reduce_percent	vfs.zfs.arc.dnode_reduce_percent
vfs.zfs.arc_evict_batch_limit	vfs.zfs.arc.evict_batch_limit
vfs.zfs.arc_evict_batches_limit	vfs.zfs.arc.evict_batches_limit
vfs.zfs.arc_evict_threads	vfs.zfs.arc.evict_threads
vfs.zfs.arc_eviction_pct	vfs.zfs.arc.eviction_pct
vfs.zfs.arc_free_target	vfs.zfs.arc.free_target
vfs.zfs.arc_grow_retry	vfs.zfs.arc.grow_retry
vfs.zfs.arc_lotsfree_percent	vfs.zfs.arc.lotsfree_percent
vfs.zfs.arc_max	vfs.zfs.arc.max
vfs.zfs.arc_meta_balance	vfs.zfs.arc.meta_balance
vfs.zfs.arc_min	vfs.zfs.arc.min
vfs.zfs.arc_min_prefetch_ms	vfs.zfs.arc.min_prefetch_ms
vfs.zfs.arc_min_prescient_prefetch_ms	vfs.zfs.arc.min_prescient_prefetch_ms
vfs.zfs.arc_no_grow_shift	vfs.zfs.arc.no_grow_shift
vfs.zfs.arc_pc_percent	vfs.zfs.arc.pc_percent
vfs.zfs.arc_prune_task_threads	vfs.zfs.arc.prune_task_threads
vfs.zfs.arc_shrink_shift	vfs.zfs.arc.shrink_shift
vfs.zfs.arc_sys_free	vfs.zfs.arc.sys_free
vfs.zfs.brt_brt_zap_default_bs	vfs.zfs.brt.brt_zap_default_bs
vfs.zfs.brt_brt_zap_default_ibs	vfs.zfs.brt.brt_zap_default_ibs
vfs.zfs.brt_brt_zap_prefetch	vfs.zfs.brt.brt_zap_prefetch
vfs.zfs.condense_indirect_commit_entry_delay_ms	vfs.zfs.condense.indirect_commit_entry_delay_ms
vfs.zfs.condense_indirect_obsolete_pct	vfs.zfs.condense.indirect_obsolete_pct
vfs.zfs.condense_indirect_vdevs_enable	vfs.zfs.condense.indirect_vdevs_enable
vfs.zfs.condense_max_obsolete_bytes	vfs.zfs.condense.max_obsolete_bytes
vfs.zfs.condense_min_mapping_bytes	vfs.zfs.condense.min_mapping_bytes
vfs.zfs.dbuf_cache_hiwater_pct	vfs.zfs.dbuf_cache.hiwater_pct
vfs.zfs.dbuf_cache_lowater_pct	vfs.zfs.dbuf_cache.lowater_pct
vfs.zfs.dbuf_cache_max_bytes	vfs.zfs.dbuf_cache.max_bytes
vfs.zfs.dbuf_cache_shift	vfs.zfs.dbuf.cache_shift
vfs.zfs.dbuf_metadata_cache_max_bytes	vfs.zfs.dbuf.metadata_cache_max_bytes
vfs.zfs.dbuf_metadata_cache_shift	vfs.zfs.dbuf.metadata_cache_shift
vfs.zfs.dbuf_mutex_cache_shift	vfs.zfs.dbuf.mutex_cache_shift
vfs.zfs.deadman_checktime_ms	vfs.zfs.deadman.checktime_ms
vfs.zfs.deadman_enabled	vfs.zfs.deadman.enabled
vfs.zfs.deadman_failmode	vfs.zfs.deadman.failmode
vfs.zfs.deadman_synctime_ms	vfs.zfs.deadman.synctime_ms
vfs.zfs.deadman_ziotime_ms	vfs.zfs.deadman.ziotime_ms
vfs.zfs.dedup_ddt_zap_default_bs	vfs.zfs.dedup.ddt_zap_default_bs
vfs.zfs.dedup_ddt_zap_default_ibs	vfs.zfs.dedup.ddt_zap_default_ibs
vfs.zfs.dedup_log_cap	vfs.zfs.dedup.log_cap
vfs.zfs.dedup_log_flush_entries_max	vfs.zfs.dedup.log_flush_entries_max
vfs.zfs.dedup_log_flush_entries_min	vfs.zfs.dedup.log_flush_entries_min
vfs.zfs.dedup_log_flush_flow_rate_txgs	vfs.zfs.dedup.log_flush_flow_rate_txgs
vfs.zfs.dedup_log_flush_min_time_ms	vfs.zfs.dedup.log_flush_min_time_ms
vfs.zfs.dedup_log_flush_txgs	vfs.zfs.dedup.log_flush_txgs
vfs.zfs.dedup_log_hard_cap	vfs.zfs.dedup.log_hard_cap
vfs.zfs.dedup_log_mem_max	vfs.zfs.dedup.log_mem_max
vfs.zfs.dedup_log_mem_max_percent	vfs.zfs.dedup.log_mem_max_percent
vfs.zfs.dedup_log_txg_max	vfs.zfs.dedup.log_txg_max
vfs.zfs.dedup_prefetch	vfs.zfs.dedup.prefetch
vfs.zfs.l2arc_exclude_special	vfs.zfs.l2arc.exclude_special
vfs.zfs.l2arc_feed_again	vfs.zfs.l2arc.feed_again
vfs.zfs.l2arc_feed_min_ms	vfs.zfs.l2arc.feed_min_ms
vfs.zfs.l2arc_feed_secs	vfs.zfs.l2arc.feed_secs
vfs.zfs.l2arc_headroom	vfs.zfs.l2arc.headroom
vfs.zfs.l2arc_headroom_boost	vfs.zfs.l2arc.headroom_boost
vfs.zfs.l2arc_meta_percent	vfs.zfs.l2arc.meta_percent
vfs.zfs.l2arc_mfuonly	vfs.zfs.l2arc.mfuonly
vfs.zfs.l2arc_noprefetch	vfs.zfs.l2arc.noprefetch
vfs.zfs.l2arc_norw	vfs.zfs.l2arc.norw
vfs.zfs.l2arc_rebuild_blocks_min_l2size	vfs.zfs.l2arc.rebuild_blocks_min_l2size
vfs.zfs.l2arc_rebuild_enabled	vfs.zfs.l2arc.rebuild_enabled
vfs.zfs.l2arc_trim_ahead	vfs.zfs.l2arc.trim_ahead
vfs.zfs.l2arc_write_boost	vfs.zfs.l2arc.write_boost
vfs.zfs.l2arc_write_max	vfs.zfs.l2arc.write_max
vfs.zfs.livelist_condense	vfs.zfs.livelist.condense
vfs.zfs.livelist_condense_new_alloc	vfs.zfs.livelist.condense.new_alloc
vfs.zfs.livelist_condense_sync_cancel	vfs.zfs.livelist.condense.sync_cancel
vfs.zfs.livelist_condense_sync_pause	vfs.zfs.livelist.condense.sync_pause
vfs.zfs.livelist_condense_zthr_cancel	vfs.zfs.livelist.condense.zthr_cancel
vfs.zfs.livelist_condense_zthr_pause	vfs.zfs.livelist.condense.zthr_pause
vfs.zfs.livelist_max_entries	vfs.zfs.livelist.max_entries
vfs.zfs.livelist_min_percent_shared	vfs.zfs.livelist.min_percent_shared
vfs.zfs.lua_max_instrlimit	vfs.zfs.lua.max_instrlimit
vfs.zfs.lua_max_memlimit	vfs.zfs.lua.max_memlimit
vfs.zfs.metaslab_aliquot	vfs.zfs.metaslab.aliquot
vfs.zfs.metaslab_bias_enabled	vfs.zfs.metaslab.bias_enabled
vfs.zfs.metaslab_debug_load	vfs.zfs.metaslab.debug_load
vfs.zfs.metaslab_debug_unload	vfs.zfs.metaslab.debug_unload
vfs.zfs.metaslab_df_alloc_threshold	vfs.zfs.metaslab.df_alloc_threshold
vfs.zfs.metaslab_df_free_pct	vfs.zfs.metaslab.df_free_pct
vfs.zfs.metaslab_df_max_search	vfs.zfs.metaslab.df_max_search
vfs.zfs.metaslab_df_use_largest_segment	vfs.zfs.metaslab.df_use_largest_segment
vfs.zfs.metaslab_find_max_tries	vfs.zfs.metaslab.find_max_tries
vfs.zfs.metaslab_force_ganging	vfs.zfs.metaslab.force_ganging
vfs.zfs.metaslab_force_ganging_pct	vfs.zfs.metaslab.force_ganging_pct
vfs.zfs.metaslab_fragmentation_factor_enabled	vfs.zfs.metaslab.fragmentation_factor_enabled
vfs.zfs.metaslab_fragmentation_threshold	vfs.zfs.metaslab.fragmentation_threshold
vfs.zfs.metaslab_lba_weighting_enabled	vfs.zfs.metaslab.lba_weighting_enabled
vfs.zfs.metaslab_max_size_cache_sec	vfs.zfs.metaslab.max_size_cache_sec
vfs.zfs.metaslab_mem_limit	vfs.zfs.metaslab.mem_limit
vfs.zfs.metaslab_perf_bias	vfs.zfs.metaslab.perf_bias
vfs.zfs.metaslab_preload_enabled	vfs.zfs.metaslab.preload_enabled
vfs.zfs.metaslab_preload_limit	vfs.zfs.metaslab.preload_limit
vfs.zfs.metaslab_preload_pct	vfs.zfs.metaslab.preload_pct
vfs.zfs.metaslab_segment_weight_enabled	vfs.zfs.metaslab.segment_weight_enabled
vfs.zfs.metaslab_sm_blksz_no_log	vfs.zfs.metaslab.sm_blksz_no_log
vfs.zfs.metaslab_sm_blksz_with_log	vfs.zfs.metaslab.sm_blksz_with_log
vfs.zfs.metaslab_switch_threshold	vfs.zfs.metaslab.switch_threshold
vfs.zfs.metaslab_try_hard_before_gang	vfs.zfs.metaslab.try_hard_before_gang
vfs.zfs.metaslab_unload_delay	vfs.zfs.metaslab.unload_delay
vfs.zfs.metaslab_unload_delay_ms	vfs.zfs.metaslab.unload_delay_ms
vfs.zfs.mg_fragmentation_threshold	vfs.zfs.mg.fragmentation_threshold
vfs.zfs.mg_noalloc_threshold	vfs.zfs.mg.noalloc_threshold
vfs.zfs.multihost_fail_intervals	vfs.zfs.multihost.fail_intervals
vfs.zfs.multihost_history	vfs.zfs.multihost.history
vfs.zfs.multihost_import_intervals	vfs.zfs.multihost.import_intervals
vfs.zfs.multihost_interval	vfs.zfs.multihost.interval
vfs.zfs.prefetch_disable	vfs.zfs.prefetch.disable
vfs.zfs.prefetch_hole_shift	vfs.zfs.prefetch.hole_shift
vfs.zfs.prefetch_max_distance	vfs.zfs.prefetch.max_distance
vfs.zfs.prefetch_max_idistance	vfs.zfs.prefetch.max_idistance
vfs.zfs.prefetch_max_reorder	vfs.zfs.prefetch.max_reorder
vfs.zfs.prefetch_max_sec_reap	vfs.zfs.prefetch.max_sec_reap
vfs.zfs.prefetch_max_streams	vfs.zfs.prefetch.max_streams
vfs.zfs.prefetch_min_distance	vfs.zfs.prefetch.min_distance
vfs.zfs.prefetch_min_sec_reap	vfs.zfs.prefetch.min_sec_reap
vfs.zfs.reconstruct_indirect_combinations_max	vfs.zfs.reconstruct.indirect_combinations_max
vfs.zfs.recv_best_effort_corrective	vfs.zfs.recv.best_effort_corrective
vfs.zfs.recv_queue_ff	vfs.zfs.recv.queue_ff
vfs.zfs.recv_queue_length	vfs.zfs.recv.queue_length
vfs.zfs.recv_write_batch_size	vfs.zfs.recv.write_batch_size
vfs.zfs.send_corrupt_data	vfs.zfs.send.corrupt_data
vfs.zfs.send_no_prefetch_queue_ff	vfs.zfs.send.no_prefetch_queue_ff
vfs.zfs.send_no_prefetch_queue_length	vfs.zfs.send.no_prefetch_queue_length
vfs.zfs.send_override_estimate_recordsize	vfs.zfs.send.override_estimate_recordsize
vfs.zfs.send_queue_ff	vfs.zfs.send.queue_ff
vfs.zfs.send_queue_length	vfs.zfs.send.queue_length
vfs.zfs.send_unmodified_spill_blocks	vfs.zfs.send.unmodified_spill_blocks
vfs.zfs.spa_asize_inflation	vfs.zfs.spa.asize_inflation
vfs.zfs.spa_discard_memory_limit	vfs.zfs.spa.discard_memory_limit
vfs.zfs.spa_flush_txg_time	vfs.zfs.spa.flush_txg_time
vfs.zfs.spa_load_print_vdev_tree	vfs.zfs.spa.load_print_vdev_tree
vfs.zfs.spa_load_verify_data	vfs.zfs.spa.load_verify_data
vfs.zfs.spa_load_verify_metadata	vfs.zfs.spa.load_verify_metadata
vfs.zfs.spa_load_verify_shift	vfs.zfs.spa.load_verify_shift
vfs.zfs.spa_note_txg_time	vfs.zfs.spa.note_txg_time
vfs.zfs.spa_slop_shift	vfs.zfs.spa.slop_shift
vfs.zfs.spa_upgrade_errlog_limit	vfs.zfs.spa.upgrade_errlog_limit
vfs.zfs.trim_extent_bytes_max	vfs.zfs.trim.extent_bytes_max
vfs.zfs.trim_extent_bytes_min	vfs.zfs.trim.extent_bytes_min
vfs.zfs.trim_metaslab_skip	vfs.zfs.trim.metaslab_skip
vfs.zfs.trim_queue_limit	vfs.zfs.trim.queue_limit
vfs.zfs.trim_txg_batch	vfs.zfs.trim.txg_batch
vfs.zfs.txg_history	vfs.zfs.txg.history
vfs.zfs.txg_timeout	vfs.zfs.txg.timeout
vfs.zfs.vdev_aggregation_limit	vfs.zfs.vdev.aggregation_limit
vfs.zfs.vdev_aggregation_limit_non_rotating	vfs.zfs.vdev.aggregation_limit_non_rotating
vfs.zfs.vdev_async_read_max_active	vfs.zfs.vdev.async_read_max_active
vfs.zfs.vdev_async_read_min_active	vfs.zfs.vdev.async_read_min_active
vfs.zfs.vdev_async_write_active_max_dirty_percent	vfs.zfs.vdev.async_write_active_max_dirty_percent
vfs.zfs.vdev_async_write_active_min_dirty_percent	vfs.zfs.vdev.async_write_active_min_dirty_percent
vfs.zfs.vdev_async_write_max_active	vfs.zfs.vdev.async_write_max_active
vfs.zfs.vdev_async_write_min_active	vfs.zfs.vdev.async_write_min_active
vfs.zfs.vdev_bio_delete_disable	vfs.zfs.vdev.bio_delete_disable
vfs.zfs.vdev_bio_flush_disable	vfs.zfs.vdev.bio_flush_disable
vfs.zfs.vdev_default_ms_count	vfs.zfs.vdev.default_ms_count
vfs.zfs.vdev_default_ms_shift	vfs.zfs.vdev.default_ms_shift
vfs.zfs.vdev_direct_write_verify	vfs.zfs.vdev.direct_write_verify
vfs.zfs.vdev_expand_max_copy_bytes	vfs.zfs.vdev.expand_max_copy_bytes
vfs.zfs.vdev_expand_max_reflow_bytes	vfs.zfs.vdev.expand_max_reflow_bytes
vfs.zfs.vdev_file	vfs.zfs.vdev.file
vfs.zfs.vdev_file_logical_ashift	vfs.zfs.vdev.file.logical_ashift
vfs.zfs.vdev_file_physical_ashift	vfs.zfs.vdev.file.physical_ashift
vfs.zfs.vdev_initializing_max_active	vfs.zfs.vdev.initializing_max_active
vfs.zfs.vdev_initializing_min_active	vfs.zfs.vdev.initializing_min_active
vfs.zfs.vdev_io_aggregate_rows	vfs.zfs.vdev.io_aggregate_rows
vfs.zfs.vdev_max_active	vfs.zfs.vdev.max_active
vfs.zfs.vdev_max_auto_ashift	vfs.zfs.vdev.max_auto_ashift
vfs.zfs.vdev_max_ms_shift	vfs.zfs.vdev.max_ms_shift
vfs.zfs.vdev_min_auto_ashift	vfs.zfs.vdev.min_auto_ashift
vfs.zfs.vdev_min_ms_count	vfs.zfs.vdev.min_ms_count
vfs.zfs.vdev_mirror	vfs.zfs.vdev.mirror
vfs.zfs.vdev_mirror_non_rotating_inc	vfs.zfs.vdev.mirror.non_rotating_inc
vfs.zfs.vdev_mirror_non_rotating_seek_inc	vfs.zfs.vdev.mirror.non_rotating_seek_inc
vfs.zfs.vdev_mirror_rotating_inc	vfs.zfs.vdev.mirror.rotating_inc
vfs.zfs.vdev_mirror_rotating_seek_inc	vfs.zfs.vdev.mirror.rotating_seek_inc
vfs.zfs.vdev_mirror_rotating_seek_offset	vfs.zfs.vdev.mirror.rotating_seek_offset
vfs.zfs.vdev_ms_count_limit	vfs.zfs.vdev.ms_count_limit
vfs.zfs.vdev_nia_credit	vfs.zfs.vdev.nia_credit
vfs.zfs.vdev_nia_delay	vfs.zfs.vdev.nia_delay
vfs.zfs.vdev_raidz_impl	vfs.zfs.vdev.raidz_impl
vfs.zfs.vdev_raidz_outlier_check_interval_ms	vfs.zfs.vdev.raidz_outlier_check_interval_ms
vfs.zfs.vdev_raidz_outlier_insensitivity	vfs.zfs.vdev.raidz_outlier_insensitivity
vfs.zfs.vdev_read_gap_limit	vfs.zfs.vdev.read_gap_limit
vfs.zfs.vdev_read_sit_out_secs	vfs.zfs.vdev.read_sit_out_secs
vfs.zfs.vdev_rebuild_max_active	vfs.zfs.vdev.rebuild_max_active
vfs.zfs.vdev_rebuild_min_active	vfs.zfs.vdev.rebuild_min_active
vfs.zfs.vdev_removal_ignore_errors	vfs.zfs.vdev.removal_ignore_errors
vfs.zfs.vdev_removal_max_active	vfs.zfs.vdev.removal_max_active
vfs.zfs.vdev_removal_max_span	vfs.zfs.vdev.removal_max_span
vfs.zfs.vdev_removal_min_active	vfs.zfs.vdev.removal_min_active
vfs.zfs.vdev_removal_suspend_progress	vfs.zfs.vdev.removal_suspend_progress
vfs.zfs.vdev_remove_max_segment	vfs.zfs.vdev.remove_max_segment
vfs.zfs.vdev_scrub_max_active	vfs.zfs.vdev.scrub_max_active
vfs.zfs.vdev_scrub_min_active	vfs.zfs.vdev.scrub_min_active
vfs.zfs.vdev_sync_read_max_active	vfs.zfs.vdev.sync_read_max_active
vfs.zfs.vdev_sync_read_min_active	vfs.zfs.vdev.sync_read_min_active
vfs.zfs.vdev_sync_write_max_active	vfs.zfs.vdev.sync_write_max_active
vfs.zfs.vdev_sync_write_min_active	vfs.zfs.vdev.sync_write_min_active
vfs.zfs.vdev_trim_max_active	vfs.zfs.vdev.trim_max_active
vfs.zfs.vdev_trim_min_active	vfs.zfs.vdev.trim_min_active
vfs.zfs.vdev_validate_skip	vfs.zfs.vdev.validate_skip
vfs.zfs.vdev_write_gap_limit	vfs.zfs.vdev.write_gap_limit
vfs.zfs.version_acl	vfs.zfs.version.acl
vfs.zfs.version_ioctl	vfs.zfs.version.ioctl
vfs.zfs.version_module	vfs.zfs.version.module
vfs.zfs.version_spa	vfs.zfs.version.spa
vfs.zfs.version_zpl	vfs.zfs.version.zpl
vfs.zfs.vnops_read_chunk_size	vfs.zfs.vnops.read_chunk_size
vfs.zfs.vol_inhibit_dev	vfs.zfs.vol.inhibit_dev
vfs.zfs.vol_mode	vfs.zfs.vol.mode
vfs.zfs.vol_num_taskqs	vfs.zfs.vol.num_taskqs
vfs.zfs.vol_prefetch_bytes	vfs.zfs.vol.prefetch_bytes
vfs.zfs.vol_recursive	vfs.zfs.vol.recursive
vfs.zfs.vol_request_sync	vfs.zfs.vol.request_sync
vfs.zfs.vol_threads	vfs.zfs.vol.threads
vfs.zfs.vol_unmap_enabled	vfs.zfs.vol.unmap_enabled
vfs.zfs.zevent_len_max	vfs.zfs.zevent.len_max
vfs.zfs.zevent_retain_expire_secs	vfs.zfs.zevent.retain_expire_secs
vfs.zfs.zevent_retain_max	vfs.zfs.zevent.retain_max
vfs.zfs.zfetch.max_distance	vfs.zfs.prefetch.max_distance
vfs.zfs.zfetch.max_idistance	vfs.zfs.prefetch.max_idistance
vfs.zfs.zfetch_max_distance	vfs.zfs.zfetch.max_distance
vfs.zfs.zfetch_max_idistance	vfs.zfs.zfetch.max_idistance
vfs.zfs.zil_clean_taskq_maxalloc	vfs.zfs.zil.clean_taskq_maxalloc
vfs.zfs.zil_clean_taskq_minalloc	vfs.zfs.zil.clean_taskq_minalloc
vfs.zfs.zil_clean_taskq_nthr_pct	vfs.zfs.zil.clean_taskq_nthr_pct
vfs.zfs.zil_maxblocksize	vfs.zfs.zil.maxblocksize
vfs.zfs.zil_maxcopied	vfs.zfs.zil.maxcopied
vfs.zfs.zil_nocacheflush	vfs.zfs.zil.nocacheflush
vfs.zfs.zil_replay_disable	vfs.zfs.zil.replay_disable
vfs.zfs.zil_slog_bulk	vfs.zfs.zil.slog_bulk
vfs.zfs.zil_special_is_slog	vfs.zfs.zil.special_is_slog
vfs.zfs.zio_deadman_log_all	vfs.zfs.zio.deadman_log_all
vfs.zfs.zio_dva_throttle_enabled	vfs.zfs.zio.dva_throttle_enabled
vfs.zfs.zio_exclude_metadata	vfs.zfs.zio.exclude_metadata
vfs.zfs.zio_requeue_io_start_cut_in_line	vfs.zfs.zio.requeue_io_start_cut_in_line
vfs.zfs.zio_slow_io_ms	vfs.zfs.zio.slow_io_ms
vfs.zfs.zio_taskq_batch_pct	vfs.zfs.zio.taskq_batch_pct
vfs.zfs.zio_taskq_batch_tpq	vfs.zfs.zio.taskq_batch_tpq
vfs.zfs.zio_taskq_free	vfs.zfs.zio.taskq_free
vfs.zfs.zio_taskq_read	vfs.zfs.zio.taskq_read
vfs.zfs.zio_taskq_write	vfs.zfs.zio.taskq_write
vfs.zfs.zio_taskq_write_tpq	vfs.zfs.zio.taskq_write_tpq
